{
  "metadata": {
    "name": "[Fanqie] Cachua alternative",
    "author": "Moleys",
    "version": 18,
    "source": "https://fanqienovel.com/",
    "regexp": "(\\d+)[.](\\d+)[.](\\d+)[.](\\d+):9999/info(.*?)|localhost:9999/info(.*?)|api.api-fanqienovel.sunianyun.live/info(.*?)|list.fqapi.jilulu.cn/info(.*?)|(\\d+).fqapi.jilulu.cn/info(.*?)|fanqienovel.com/page/(\\d+)",
    "description": "🍅🍅🍅🍅🍅🍅🍅🍅🍅",
    "locale": "zh_CN",
    "language": "javascript",
    "type": "chinese_novel"
  },
  "script": {
    "home": "home.js",
    "detail": "detail.js",
    "genre": "genre.js",
    "page": "page.js",
    "toc": "toc.js",
    "search": "search.js",
    "chap": "chap.js"
  }
}