{
  "metadata": {
    "name": "[Ciweimao] Nhimmeo 💰",
    "author": "Moleys",
    "version": 7,
    "source": "https://nhimmeo.cf",
    "regexp": "nhimmeo.cf/(book|detail)/(\\d+)",
    "description": "Đọc truyện trên trang https://nhimmeo.cf",
    "locale": "zh_CN",
    "language": "javascript",
    "type": "chinese_novel"
  },
  "script": {
    "home": "home.js",
    "detail": "detail.js",
    "toc": "toc.js",
    "genre": "genre.js",
    "search": "search.js",
    "chap": "chap.js"
  }
}