{
  "metadata": {
    "name": "readcomiconline",
    "author": "Moleys",
    "version": 2,
    "source": "https://readcomiconline.li",
    "regexp": "readcomiconline.li/Comic/[A-Za-z0-9_.-]+$",
    "description": "Đọc truyện trên trang https://readcomiconline.li",
    "locale": "en_US",
    "language": "javascript",
    "type": "comic"
  },
  "script": {
    "home": "home.js",
    "detail": "detail.js",
    "toc": "toc.js",
    "search": "search.js",
    "genre": "genre.js",
    "chap": "chap.js"
  }
}