{
  "metadata": {
    "name": "Jjwxc [Tấn Giang] 💰✅",
    "author": "Moleys",
    "version": 21,
    "source": "https://moldich.gq/tools/jjwxc-sign.php",
    "regexp": "(www.|my.|m.)?jjwxc.net/(onebook|book2)(.*?)",
    "description": "Đọc truyện trên trang http://www.jjwxc.net",
    "locale": "zh_CN",
    "language": "javascript",
    "type": "chinese_novel"
  },
  "script": {
    "home": "home.js",
    "detail": "detail.js",
    "toc": "toc.js",
    "genre": "genre.js",
    "search": "search.js",
    "chap": "chap.js"
  }
}