{
  "metadata": {
    "name": "hetushu",
    "author": "Moleys",
    "version": 1,
    "source": "https://www.hetushu.com",
    "regexp": "(www.)?(m.)?hetushu.com/book/\\d+/index.html",
    "description": "Đọc truyện trên trang http://www.hetushu.com",
    "local": "vi-VN",
    "language": "javascript",
    "type": "chinese_novel"
  },
  "script": {
    "home": "home.js",
    "genre": "genre.js",
    "detail": "detail.js",
    "toc": "toc.js",
    "search": "search.js",
    "chap": "chap.js"
  }
}