{
  "metadata": {
    "name": "Elysia",
    "author": "Moleys",
    "version": 1,
    "source": "https://cwm.elysia.rip",
    "regexp": "cwm.elysia.rip/(book|detail)/(\\d+)",
    "description": "Đọc truyện trên trang https://cwm.elysia.rip",
    "locale": "zh_CN",
    "language": "javascript",
    "type": "chinese_novel"
  },
  "script": {
    "home": "home.js",
    "detail": "detail.js",
    "toc": "toc.js",
    "genre": "genre.js",
    "search": "search.js",
    "chap": "chap.js"
  }
}