{
  "metadata": {
    "name": "Elysia",
    "author": "Moleys",
    "version": 5,
    "source": "https://mnz.nhimmeo.cf",
    "regexp": "(cwm.elysia.rip|mnz.nhimmeo.cf)/(book|detail)/(\\d+)",
    "description": "Support by Nhocconsr",
    "locale": "zh_CN",
    "language": "javascript",
    "type": "chinese_novel"
  },
  "script": {
    "home": "home.js",
    "detail": "detail.js",
    "toc": "toc.js",
    "genre": "genre.js",
    "search": "search.js",
    "chap": "chap.js"
  }
}