{
  "metadata": {
    "name": "Legado thêm Google dịch",
    "author": "Moleys",
    "version": 12,
    "source": "https://github.com/gedoor/legado",
    "regexp": "((\\d+)[.](\\d+)[.](\\d+)[.](\\d+)|localhost):1122/(.*?)",
    "description": "Đọc truyện qua app Legado, chi tiết vui lòng xem hướng dẫn trong Thảo luận",
    "locale": "en_US",
    "language": "javascript",
    "type": "novel"
  },
  "script": {
    "home": "home.js",
    "detail": "detail.js",
    "toc": "toc.js",
    "search": "search.js",
    "chap": "chap.js"
  }
}