{
  "metadata": {
    "name": "soruncg",
    "author": "Moleys",
    "version": 2,
    "source": "http://www.soruncg.com",
    "regexp": "(www.|m.)?soruncg.com/ldks/\\d+(/?|\\.html)",
    "description": "Đọc truyện trên trang http://www.soruncg.com",
    "locale": "zh_CN",
    "language": "javascript",
    "type": "chinese_novel"
  },
  "script": {
    "home": "home.js",
    "detail": "detail.js",
    "page": "page.js",
    "toc": "toc.js",
    "genre": "genre.js",
    "chap": "chap.js"
  }
}