{
  "metadata": {
    "name": "NetTruyen (Fake #2)",
    "author": "Moleys",
    "version": 2,
    "source": "https://www.nettruyenviet.com",
    "regexp": "(www.)?nettruyenviet.com/manga/[^/]+/?$",
    "description": "Đọc truyện trên trang NetTruyen (Fake #2)",
    "locale": "vi_VN",
    "language": "javascript",
    "type": "comic"
  },
  "script": {
    "home": "home.js",
    "genre": "genre.js",
    "detail": "detail.js",
    "search": "search.js",
    "toc": "toc.js",
    "chap": "chap.js"
  }
}