{
  "metadata": {
    "name": "po18gv",
    "author": "Moleys",
    "version": 1,
    "source": "http://www.po18gv.vip",
    "regexp": "(www.|m.)?po18gv.vip/(books|book)/\\d+(/?|\\.html)",
    "description": "Đọc truyện trên trang http://www.po18gv.vip",
    "locale": "zh_CN",
    "language": "javascript",
    "tag": "nsfw",
    "type": "chinese_novel"
  },
  "script": {
    "home": "home.js",
    "detail": "detail.js",
    "toc": "toc.js",
    "genre": "genre.js",
    "chap": "chap.js"
  }
}