{
  "metadata": {
    "name": "52shuku",
    "author": "Moleys",
    "version": 9,
    "source": "https://www.52shuku.net",
    "regexp": "(www.|m.)?52shuku.(vip|net)/(.*?)/(.*?).html",
    "description": "Đọc truyện trên trang https://www.52shuku.net",
    "locale": "zh_CN",
    "language": "javascript",
    "type": "chinese_novel"
  },
  "script": {
    "home": "home.js",
    "detail": "detail.js",
    "genre": "genre.js",
    "toc": "toc.js",
    "chap": "chap.js"
  }
}