{
  "metadata": {
    "name": "Mip Ciweimao 💰",
    "author": "Moleys",
    "version": 4,
    "source": "https://mip.ciweimao.com",
    "regexp": "(mip.|wap.|www.)ciweimao.com/(book|chapter)/(\\d+)",
    "description": "Đọc truyện trên trang https://mip.ciweimao.com",
    "locale": "zh_CN",
    "language": "javascript",
    "type": "chinese_novel"
  },
  "script": {
    "home": "home.js",
    "detail": "detail.js",
    "genre": "genre.js",
    "toc": "toc.js",
    "chap": "chap.js"
  }
}