{
  "metadata": {
    "name": "fanfanq Beta 🛠💬",
    "author": "Moleys",
    "version": 2,
    "source": "https://bbs.fanfanq.com/link.php?action=tag&tagname=TXT",
    "regexp": "(www.|bbs.)?fanfanq.com/ydn\\d+/?$",
    "description": "Đọc truyện trên trang http://bbs.fanfanq.com",
    "locale": "zh_CN",
    "language": "javascript",
    "type": "chinese_novel"
  },
  "script": {
    "home": "home.js",
    "detail": "detail.js",
    "toc": "toc.js",
    "chap": "chap.js"
  }
}