{
  "metadata": {
    "name": "665txt",
    "author": "Moleys",
    "version": 1,
    "source": "http://www.665txt.com",
    "regexp": "(www.|m.|wap.)?665txt.com/read/\\d+/\\d+/?$",
    "description": "Đọc truyện trên trang http://www.665txt.com",
    "locale": "zh_CN",
    "language": "javascript",
    "type": "chinese_novel"
  },
  "script": {
    "home": "home.js",
    "genre": "genre.js",
    "detail": "detail.js",
    "search": "search.js",
    "toc": "toc.js",
    "chap": "chap.js"
  }
}