{
  "metadata": {
    "name": "qiuxiaoshuo",
    "author": "Moleys",
    "version": 2,
    "source": "http://www.qiuxiaoshuo.com",
    "regexp": "(www.|m.)?qiuxiaoshuo.(com|org)/(book-|book/)\\d+(/?|\\.html)",
    "description": "Đọc truyện trên trang http://www.qiuxiaoshuo.com",
    "locale": "zh_CN",
    "language": "javascript",
    "type": "chinese_novel"
  },
  "script": {
    "home": "home.js",
    "detail": "detail.js",
    "toc": "toc.js",
    "chap": "chap.js"
  }
}