{
  "metadata": {
    "name": "shumilou",
    "author": "Moleys",
    "version": 2,
    "source": "http://www.shumilou.co",
    "regexp": "(www.|m.)?shumilou.co/\\d+(/?|\\.html)",
    "description": "Đọc truyện trên trang http://www.shumilou.co",
    "locale": "zh_CN",
    "language": "javascript",
    "type": "chinese_novel"
  },
  "script": {
    "home": "home.js",
    "detail": "detail.js",
    "page" : "page.js",
    "toc": "toc.js",
    "genre": "genre.js",
    "chap": "chap.js"
  }
}