{
  "metadata": {
    "name": "newhaitang",
    "author": "Moleys",
    "version": 1,
    "source": "http://www.newhaitang.com",
    "regexp": "(www.|m.)?newhaitang.com/(b|book)/\\d+(/?|\\.html)",
    "description": "Đọc truyện trên trang http://www.newhaitang.com",
    "locale": "zh_CN",
    "language": "javascript",
    "type": "chinese_novel"
  },
  "script": {
    "home": "home.js",
    "detail": "detail.js",
    "toc": "toc.js",
    "page": "page.js",
    "search": "search.js",
    "genre": "genre.js",
    "chap": "chap.js"
  }
}