{
  "metadata": {
    "name": "TruyenTranhTuan",
    "author": "Moleys",
    "version": 2,
    "source": "http://truyentranhtuan.com",
    "regexp": "(truyentranhtuan|truyentranhtuan).com/(.*?)",
    "description": "Đọc truyện trên trang http://truyentranhtuan.com",
    "locale": "vi_VN",
    "language": "javascript",
    "type": "comic"
  },
  "script": {
    "home": "home.js",
    "detail": "detail.js",
    "search": "search.js",
    "genre": "genre.js",
    "toc": "toc.js",
    "chap": "chap.js"
  }
}