{
  "metadata": {
    "name": "duread8 💰",
    "author": "Moleys",
    "version": 1,
    "source": "https://www.duread8.com",
    "regexp": "(m.|www.)?duread8.com/book/book_detail/\\d+",
    "description": "Đọc truyện trên trang https://www.duread8.com",
    "locale": "zh_CN",
    "language": "javascript",
    "type": "chinese_novel"
  },
  "script": {
    "home": "home.js",
    "detail": "detail.js",
    "toc": "toc.js",
    "search": "search.js",
    "genre": "genre.js",
    "chap": "chap.js"
  }
}