{
  "metadata": {
    "name": "Colored Manga",
    "author": "Moleys",
    "version": 1,
    "source": "http://www.coloredmanga.com",
    "regexp": "(www.|m.)?coloredmanga.com/manga/(.*?)",
    "description": "Đọc truyện tranh trên trang http://www.coloredmanga.com",
    "local": "en_US",
    "language": "javascript",
    "type": "comic"
  },
  "script": {
    "home": "home.js",
    "genre": "genre.js",
    "detail": "detail.js",
    "search": "search.js",
    "toc": "toc.js",
    "chap": "chap.js"
  }
}