{
  "metadata": {
    "name": "xsbiquge",
    "author": "Moleys",
    "version": 5,
    "source": "http://www.xsbiquge.net",
    "regexp": "(www.|m.)?xsbiquge.net/\\d+_\\d+/?$",
    "description": "Đọc truyện trên trang http://www.xsbiquge.net",
    "locale": "zh_CN",
    "language": "javascript",
    "type": "chinese_novel"
  },
  "script": {
    "home": "home.js",
    "detail": "detail.js",
    "genre": "genre.js",
    "search": "search.js",
    "toc": "toc.js",
    "chap": "chap.js"
  }
}