{
  "metadata": {
    "name": "yazhouse8",
    "author": "Moleys",
    "version": 1,
    "source": "https://yazhouse8.com/article.php",
    "regexp": "(www.|m.)?yazhouse8.com/article/(.*?)",
    "description": "Đọc truyện trên trang https://yazhouse8.com/article.php",
    "locale": "zh_CN",
    "language": "javascript",
    "type": "chinese_novel",
    "tag": "nsfw"
  },
  "script": {
    "home": "home.js",
    "detail": "detail.js",
    "toc": "toc.js",
    "genre": "genre.js",
    "search": "search.js",
    "chap": "chap.js"
  }
}