{
  "metadata": {
    "name": "Bút thú các App",
    "author": "Moleys",
    "version": 8,
    "source": "https://wb.pigqq.com",
    "regexp": "wb.pigqq.com/BookFiles/Html/(\\d+)/(\\d+)/info.html",
    "description": "Đọc truyện trên trang soruncg app",
    "local": "cn-CN",
    "language": "javascript",
    "type": "chinese_novel"
  },
  "script": {
    "home": "home.js",
    "genre": "genre.js",
    "detail": "detail.js",
    "search": "search.js",
    "toc": "toc.js",
    "chap": "chap.js"
  }
}