{
  "metadata": {
    "name": "jingwubook",
    "author": "Moleys",
    "version": 4,
    "source": "http://www.jingwubook.com",
    "regexp": "(www.|m.)?jingwubook.com/book/\\d+(/?|\\.html)",
    "description": "Đọc truyện trên trang http://www.jingwubook.com",
    "locale": "zh_CN",
    "language": "javascript",
    "type": "chinese_novel"
  },
  "script": {
    "home": "home.js",
    "detail": "detail.js",
    "toc": "toc.js",
    "genre": "genre.js",
    "page": "page.js",
    "chap": "chap.js"
  }
}