{
  "metadata": {
    "name": "[App] Ciweimao 🛠💰",
    "author": "Moleys",
    "version": 2,
    "source": "https://www.ciweimao.com",
    "regexp": "(mip.|wap.|www.)ciweimao.com/book/(\\d+)",
    "description": "Đọc truyện trên trang https://www.ciweimao.com",
    "locale": "zh_CN",
    "language": "javascript",
    "type": "chinese_novel"
  },
  "script": {
    "home": "home.js",
    "detail": "detail.js",
    "toc": "toc.js",
    "genre": "genre.js",
    "search": "search.js",
    "chap": "chap.js"
  }
}