{
  "metadata": {
    "name": "babayu",
    "author": "Moleys",
    "version": 1,
    "source": "https://www.babayu.tv",
    "regexp": "(www.)?(m.)?babayu.tv/(.*?)/book_\\d+.html",
    "description": "Đọc truyện trên trang https://www.babayu.tv",
    "local": "vi-VN",
    "language": "javascript",
    "type": "chinese_novel"
  },
  "script": {
    "home": "home.js",
    "detail": "detail.js",
    "toc": "toc.js",
    "chap": "chap.js",
    "genre": "genre.js",
    "search": "search.js"

  }
}