{
  "metadata": {
    "name": "[Fanqie] Cachua",
    "author": "Moleys",
    "version": 3,
    "source": "https://cachua.cf",
    "regexp": "fanqienovel.com/page/(\\d+)|cachua.cf/book/(\\d+)",
    "description": "Đọc truyện trên trang https://cachua.cf",
    "local": "cn-CN",
    "language": "javascript",
    "type": "chinese_novel"
  },
  "script": {
    "home": "home.js",
    "genre": "genre.js",
    "detail": "detail.js",
    "search": "search.js",
    "toc": "toc.js",
    "page": "page.js",
    "chap": "chap.js"
  }
}